sudut;selisih_telinga;jarak_mata;label
152.166;0,070833333;0,538194444;normal
152.367;0,072916667;0,543055556;normal
152.379;0,075;0,543055556;normal
152.444;0,074305556;0.078;normal
152.513;0,074305556;0,540277778;normal
152.572;0,075;0,540277778;normal
152.679;0,075694444;0.078;normal
152.76;0.011;0,542361111;normal
152.801;0,077777778;0,543055556;normal
152.811;0,078472222;0,543055556;normal
152.672;0,077777778;0,543055556;normal
152.573;0,077083333;0,543055556;normal
152.433;0,077777778;0,543055556;normal
152.349;0,078472222;0,542361111;normal
152.309;0,078472222;0,542361111;normal
152.232;0,079166667;0.078;normal
152.191;0,079166667;0.078;normal
152.161;0,079166667;0.078;normal
152.136;0,079166667;0,540972222;normal
152.129;0,082638889;0,542361111;normal
152.101;0,085416667;0,543055556;normal
152.157;0,085416667;0,54375;normal
152.188;0,086111111;0,54375;normal
152.221;0,086111111;0,54375;normal
152.504;0,088888889;0,54375;normal
152.633;0.013;0,544444444;normal
152.74;0,091666667;0,545138889;normal
152.789;0,092361111;0,545138889;normal
152.773;0,092361111;0,545833333;normal
152.758;0,092361111;0,546527778;normal
152.717;0,091666667;0,547916667;normal
152.681;0,091666667;0.079;normal
152.65;0,091666667;0,549305556;normal
152.683;0,090972222;0,550694444;normal
152.715;0.013;0,551388889;normal
152.745;0,089583333;0,552777778;normal
152.791;0,0875;0,553472222;normal
152.738;0,084722222;0,552083333;normal
152.681;0,081944444;0,550694444;normal
152.694;0,080555556;0,551388889;normal
152.669;0,079861111;0,552083333;normal
152.655;0,078472222;0,552083333;normal
152.795;0,077777778;0,552083333;normal
152.831;0.011;0,552083333;normal
152.859;0,075694444;0,552083333;normal
152.86;0,075;0,552083333;normal
152.779;0,070833333;0,551388889;normal
152.732;0.0099;0,550694444;normal
152.827;0.0099;0,552083333;normal
152.888;0.0099;0,552777778;normal
152.94;0.0098;0,552777778;normal
152.941;0.0098;0,55;normal
152.938;0.0097;0.079;normal
152.966;0.0095;0,547222222;normal
152.975;0.0094;0,546527778;normal
152.796;0.0089;0,546527778;normal
152.718;0.0085;0,545833333;normal
152.72;0.0082;0,547222222;normal
152.758;0.0082;0,547916667;normal
152.08.00;0.0081;0,547916667;normal
152.936;0.008;0,547916667;normal
153.038;0.008;0,547916667;normal
153.084;0.0079;0,547916667;normal
153.095;0.0078;0,547916667;normal
153.062;0.0078;0,547222222;normal
153.052;0.0077;0,547222222;normal
153.089;0.0075;0,547222222;normal
153.114;0.0073;0,546527778;normal
153.136;0.0071;0,546527778;normal
153.133;0.0071;0,545833333;normal
153.123;0.0071;0,545138889;normal
153.121;0.0071;0,544444444;normal
153.116;0.0071;0,54375;normal
153.11.00;0.007;0,544444444;normal
153.101;0.0069;0,544444444;normal
152.937;0.0069;0,545138889;normal
152.815;0.007;0,545833333;normal
152.761;0.007;0,546527778;normal
152.722;0.007;0,545833333;normal
152.698;0.007;0,545833333;normal
152.684;0.007;0,545833333;normal
152.682;0.007;0,545833333;normal
152.575;0.007;0,545833333;normal
152.504;0.007;0,545833333;normal
152.521;0.007;0,545138889;normal
152.515;0.007;0,544444444;normal
152.513;0.007;0,54375;normal
152.736;0.0069;0,544444444;normal
152.93;0.0068;0,544444444;normal
153.125;0.0067;0,545138889;normal
153.283;0.0067;0,545833333;normal
153.22.00;0.0067;0,545138889;normal
153.187;0.0066;0,545138889;normal
153.277;0.0065;0,54375;normal
153.334;0.0065;0,543055556;normal
153.361;0.0065;0,542361111;normal
153.317;0.0064;0,542361111;normal
153.273;0.0063;0,542361111;normal
153.278;0.0062;0,542361111;normal
153.282;0.0062;0,542361111;normal
153.278;0.0061;0,543055556;normal
153.278;0.0061;0,543055556;normal
153.04.00;0.0061;0.078;normal
153.485;0.006;0,540972222;normal
153.535;0.006;0,540277778;normal
153.152;0.0052;0,540277778;normal
152.965;0.0047;0,540277778;normal
152.969;0.0049;0,540277778;normal
152.992;0.005;0,540277778;normal
153.002;0.005;0,540277778;normal
153.001;0.005;0,540277778;normal
152.996;0.0051;0,540277778;normal
152.994;0.0052;0,540277778;normal
152.989;0.0053;0,540277778;normal
152.999;0.0054;0,540277778;normal
152.998;0.0054;0,539583333;normal
152.698;0.0057;0,539583333;normal
152.507;0.0059;0,539583333;normal
152.382;0.006;0,538888889;normal
152.288;0.0061;0,538888889;normal
152.519;0.0061;0,538194444;normal
152.67;0.006;0,538194444;normal
152.759;0.006;0,5375;normal
152.717;0.0064;0,5375;normal
152.658;0.0065;0,5375;normal
152.601;0.0066;0,538194444;normal
152.56.00;0.0066;0,539583333;normal
152.551;0.0066;0,540277778;normal
152.55.00;0.0067;0,540277778;normal
152.598;0.0069;0,540277778;normal
152.607;0.007;0,540277778;normal
152.596;0.0071;0,540277778;normal
152.725;0.0071;0,539583333;normal
152.788;0.007;0,538888889;normal
152.857;0.007;0,538194444;normal
152.904;0.007;0,538194444;normal
152.936;0.0069;0,5375;normal
152.968;0.0069;0,5375;normal
152.976;0.007;0,5375;normal
152.954;0.007;0,5375;normal
152.941;0.007;0,5375;normal
152.966;0.007;0,5375;normal
152.924;0.007;0,538194444;normal
152.945;0.0073;0,539583333;normal
152.95;0.0076;0,540972222;normal
152.954;0.0078;0.078;normal
152.96;0.008;0,542361111;normal
152.943;0.008;0,542361111;normal
152.937;0.0079;0,540277778;normal
152.926;0.008;0,538888889;normal
152.817;0.0083;0,538194444;normal
152.326;0,089583333;0,532638889;normal
151.999;0,086805556;0,531944444;normal
152.191;0,086111111;0,536805556;normal
151.727;0,097916667;0,536805556;normal
151.737;0,097916667;0,536805556;normal
151.677;0,097916667;0,536111111;normal
151.526;0,098611111;0,533333333;normal
151.498;0,098611111;0,531944444;normal
151.523;0,099305556;0,529861111;normal
151.527;0,099305556;0,529166667;normal
151.547;0,098611111;0.076;normal
151.477;0,099305556;0,528472222;normal
151.394;0,1;0,528472222;normal
151.36.00;0,1;0,528472222;normal
151.32.00;0,1;0,528472222;normal
151.311;0,101388889;0,528472222;normal
151.332;0.015;0,528472222;normal
151.346;0,10625;0,528472222;normal
151.357;0,107638889;0,528472222;normal
151.364;0,108333333;0,528472222;normal
151.377;0,108333333;0.076;normal
151.373;0,106944444;0,529166667;normal
151.788;0,109027778;0,532638889;normal
151.388;0,10625;0,53125;normal
151.46.00;0,102083333;0,531944444;normal
151.722;0,100694444;0,531944444;normal
151.692;0,1;0,531944444;normal
151.751;0,095833333;0,532638889;normal
151.586;0,097916667;0,532638889;normal
151.497;0,099305556;0,535416667;normal
151.534;0,098611111;0,5375;normal
151.644;0,095138889;0,536805556;normal
151.894;0,095833333;0,536805556;normal
152.09.00;0,102777778;0,538888889;normal
152.134;0,104861111;0,538888889;normal
152.267;0,102777778;0,539583333;normal
152.101;0,103472222;0,538194444;normal
152.189;0,107638889;0,536805556;normal
152.181;0,109722222;0,538194444;normal
152.035;0,1125;0,538888889;normal
152.001;0,1125;0,539583333;normal
151.847;0,1125;0,540277778;normal
151.826;0,096527778;0,540277778;normal
153.048;0.011;0,536805556;normal
153.15.00;0,0875;0,5375;normal
152.358;0.013;0,535416667;normal
153.235;0,0875;0,536111111;normal
154.578;0.008;0,528472222;normal
154.496;0.0061;0,522222222;normal
149.707;0.015;0,768055556;membungkuk
149.174;0,114583333;0,784027778;membungkuk
149.381;0,114583333;0,789583333;membungkuk
149.538;0,113888889;0,79375;membungkuk
149.643;0,113194444;0,795833333;membungkuk
149.602;0.015;0,794444444;membungkuk
149.477;0,103472222;0,796527778;membungkuk
149.457;0,103472222;0,079861111;membungkuk
149.463;0,103472222;0,800694444;membungkuk
149.395;0,102083333;0,803472222;membungkuk
149.473;0,103472222;0,802777778;membungkuk
149.524;0,103472222;0,802083333;membungkuk
149.549;0.015;0,801388889;membungkuk
149.561;0,104861111;0,801388889;membungkuk
149.517;0,101388889;0,801388889;membungkuk
149.653;0,101388889;0,8;membungkuk
149.707;0,102083333;0,797916667;membungkuk
149.744;0,102083333;0,796527778;membungkuk
149.744;0,102777778;0,795833333;membungkuk
149.506;0,099305556;0,792361111;membungkuk
149.03.00;0,097916667;0,790972222;membungkuk
149.131;0.014;0,789583333;membungkuk
149.004;0,095833333;0,788194444;membungkuk
148.927;0,095833333;0,7875;membungkuk
148.627;0,08125;0,7875;membungkuk
148.486;00.01;0,7875;membungkuk
148.377;0.0087;0,7875;membungkuk
148.305;0.0079;0,7875;membungkuk
148.253;0.0072;0,786805556;membungkuk
148.313;0.0067;0,7875;membungkuk
148.181;0.0047;0,801388889;membungkuk
148.071;0.0033;0,811111111;membungkuk
147.996;0.0024;0,815972222;membungkuk
147.929;0.0016;0,820138889;membungkuk
147.864;0.0017;0,81875;membungkuk
147.761;0.0014;0,81875;membungkuk
147.705;0.0012;0,81875;membungkuk
147.682;0.0011;0,81875;membungkuk
147.67;0.0011;0,81875;membungkuk
147.577;0.0006;0,815972222;membungkuk
147.345;0.0004;0,081944444;membungkuk
147.192;00.00;0,821527778;membungkuk
147.075;0.0003;0,825;membungkuk
147.045;0.0004;0,828472222;membungkuk
146.999;0.0005;0,827777778;membungkuk
147.023;0.0001;0,825;membungkuk
147.027;0.0007;0,823611111;membungkuk
147.031;0.0012;0,822222222;membungkuk
147.017;0.0015;0,821527778;membungkuk
146.842;0.0014;0,822916667;membungkuk
146.608;0.0018;0,820833333;membungkuk
146.454;0.0021;0,081944444;membungkuk
146.334;0.0023;0,81875;membungkuk
146.265;0.0025;0,817361111;membungkuk
146.257;0.0025;0,818055556;membungkuk
146.258;0.0026;0,815277778;membungkuk
146.252;0.0028;0,813194444;membungkuk
146.228;0.003;0,811111111;membungkuk
146.193;0.0032;0,809027778;membungkuk
146.044;0.0038;0,08125;membungkuk
145.921;0.0042;0,817361111;membungkuk
145.847;0.0045;0,81875;membungkuk
145.808;0.0047;0,081944444;membungkuk
145.798;0.005;0,081944444;membungkuk
146.115;0.0056;0,081944444;membungkuk
146.08.00;0.0065;0,820833333;membungkuk
146.084;0.0068;0,822222222;membungkuk
146.218;0.0069;0,824305556;membungkuk
146.166;0.0061;0,825694444;membungkuk
146.238;0.0056;0,827083333;membungkuk
146.315;0.0053;0,828472222;membungkuk
146.367;0.005;0,829166667;membungkuk
146.414;0.0049;0,829166667;membungkuk
146.691;0.0044;0,830555556;membungkuk
146.711;0.0038;0,831944444;membungkuk
146.724;0.0034;0,832638889;membungkuk
146.74;0.0028;0,834027778;membungkuk
146.758;0.0024;0,834027778;membungkuk
146.828;0.0023;0,834027778;membungkuk
146.734;0.0024;0,834722222;membungkuk
146.64;0.0025;0,835416667;membungkuk
146.603;0.0026;0,836111111;membungkuk
146.569;0.0026;0,836805556;membungkuk
146.415;0.003;0,834027778;membungkuk
146.48.00;0.0028;0,834027778;membungkuk
146.546;0.0029;0,834027778;membungkuk
146.625;0.0031;0,834027778;membungkuk
146.591;0.0031;0,832638889;membungkuk
146.601;0.0031;0,830555556;membungkuk
146.608;0.0029;0,829861111;membungkuk
146.612;0.0028;0,829166667;membungkuk
146.636;0.0033;0,830555556;membungkuk
146.335;0.0019;0,83125;membungkuk
146.18.00;0.001;0,830555556;membungkuk
146.104;0.0004;0,830555556;membungkuk
146.038;00.00;0,830555556;membungkuk
146.045;0.0014;0,082638889;membungkuk
146.022;0.0026;0,823611111;membungkuk
145.979;0.0033;0,820833333;membungkuk
145.941;0.0038;0,081944444;membungkuk
146.061;0.0031;0,081944444;membungkuk
146.12.00;0.0023;0,820138889;membungkuk
146.153;0.0017;0,820138889;membungkuk
146.17.00;0.0014;0,820138889;membungkuk
146.189;0.001;0,820138889;membungkuk
146.182;0.0008;0,817361111;membungkuk
146.183;0.0004;0,815277778;membungkuk
146.217;00.00;0,814583333;membungkuk
146.246;0.0005;0,813888889;membungkuk
146.224;0.0004;0,813888889;membungkuk
146.185;0.0004;0,816666667;membungkuk
146.148;0.0004;0,818055556;membungkuk
146.01.00;0.0004;0,81875;membungkuk
146.055;0.0004;0,081944444;membungkuk
146.166;0.0004;0,821527778;membungkuk
146.255;0.0004;0,822222222;membungkuk
146.313;0.0004;0,822916667;membungkuk
146.366;0.0004;0,823611111;membungkuk
146.327;0.0004;0,824305556;membungkuk
146.382;0.0008;0,825694444;membungkuk
146.414;0.0011;0,827777778;membungkuk
146.392;0.0012;0,829861111;membungkuk
146.401;0.0014;0,83125;membungkuk
146.419;0.0008;0,831944444;membungkuk
146.437;0.0004;00.12;membungkuk
146.45.00;0.0001;0,835416667;membungkuk
146.481;0.0003;0,835416667;membungkuk
146.413;0.001;0,836111111;membungkuk
146.222;0.0011;0,836111111;membungkuk
146.166;0.0012;0,835416667;membungkuk
146.137;0.0012;0,835416667;membungkuk
146.103;0.0012;0,835416667;membungkuk
146.206;0.0014;00.12;membungkuk
146.289;0.0015;00.12;membungkuk
146.345;0.0018;0,834027778;membungkuk
146.422;0.0019;0,834027778;membungkuk
146.919;0,109722222;0,786805556;membungkuk
148.545;0,077083333;0,794444444;membungkuk
148.657;0,075694444;0,794444444;membungkuk
148.527;0,070833333;0,792361111;membungkuk
148.432;0.0094;0,792361111;membungkuk
148.327;0.0088;0,079166667;membungkuk
148.498;0.0091;0,786111111;membungkuk
148.608;0.0093;0,782638889;membungkuk
148.677;0.0093;0,780555556;membungkuk
148.73;0.0094;0,778472222;membungkuk
148.988;0.0072;0,777083333;membungkuk
149.156;0.0056;0,777083333;membungkuk
149.166;0.0044;0,770138889;membungkuk
149.217;0.0033;0,768055556;membungkuk
149.287;0.0026;0,765972222;membungkuk
149.814;0.0007;0,779166667;membungkuk
150.114;00.00;0,788194444;membungkuk
150.306;0.0004;0,793055556;membungkuk
150.455;0.0006;0,795833333;membungkuk
150.402;0.0009;0,79375;membungkuk
150.365;0.0016;0,792361111;membungkuk
150.347;0.0022;0,794444444;membungkuk
150.334;0.0028;0,796527778;membungkuk
150.325;0.0033;0,797916667;membungkuk
150.236;0.0043;0,796527778;membungkuk
150.209;0.0049;0,795833333;membungkuk
150.19.00;0.0053;0,795138889;membungkuk
150.17.00;0.0057;0,795138889;membungkuk
150.267;0.0055;0,795833333;membungkuk
150.33.00;0.0054;0,797222222;membungkuk
150.276;0.0051;0,797916667;membungkuk
150.218;0.0048;0,797916667;membungkuk
150.169;0.0046;0,079861111;membungkuk
150.001;0.0044;0,799305556;membungkuk
149.872;0.0042;0,799305556;membungkuk
149.772;0.0041;0,8;membungkuk
149.709;0.0039;0,8;membungkuk
149.712;0.0043;0,8;membungkuk
149.702;0.0046;0,8;membungkuk
149.762;0.0045;0,800694444;membungkuk
149.797;0.0042;0,800694444;membungkuk
149.802;0.0041;0,801388889;membungkuk
149.782;0.0042;0,804166667;membungkuk
149.75;0.0044;0,806944444;membungkuk
149.674;0.0048;0,809027778;membungkuk
149.576;0.0052;0,809722222;membungkuk
149.872;0.0052;0,813194444;membungkuk
150.082;0.0052;0,814583333;membungkuk
149.942;0.0048;0,815277778;membungkuk
149.781;0.0047;0,815277778;membungkuk
149.611;0.0046;0,815277778;membungkuk
149.471;0.0053;0,811805556;membungkuk
149.373;0.0059;0,808333333;membungkuk
149.319;0.0065;0,080555556;membungkuk
149.283;0.0067;0,804166667;membungkuk
149.265;0.0069;0,804166667;membungkuk
149.248;0.0071;0,804861111;membungkuk
149.231;0.0071;0,804861111;membungkuk
149.205;0.0072;0,080555556;membungkuk
149.211;0.0073;0,806944444;membungkuk
149.149;0.0076;0,809027778;membungkuk
149.109;0.0079;0,810416667;membungkuk
149.087;0.0081;0,08125;membungkuk
149.088;0.0082;0,08125;membungkuk
149.074;0.0082;0,08125;membungkuk
149.017;0.0084;0,08125;membungkuk
149.144;0.0085;0,811111111;membungkuk
149.221;0.0085;0,811111111;membungkuk
149.279;0.0086;0,811111111;membungkuk
149.487;0.0076;0,801388889;membungkuk
149.657;0.0069;0,796527778;membungkuk
149.799;0.0063;0,794444444;membungkuk
149.911;0.0057;0,792361111;membungkuk
149.979;0.0039;0,797222222;membungkuk
150.012;0.0026;0,799305556;membungkuk
149.975;0.0015;0,808333333;membungkuk
149.937;0.0008;0,815972222;membungkuk
149.902;0.0002;0,822916667;membungkuk
149.724;0.0011;0,821527778;membungkuk
171.629;0,572222222;0,622916667;miring
171.129;0,572916667;0,627777778;miring
171.167;0.082;0,627777778;miring
171.309;0,563194444;0,627083333;miring
171.397;0,558333333;0,627083333;miring
171.673;0,554861111;0,625694444;miring
171.905;0,551388889;00.09;miring
172.11.00;0.079;0,623611111;miring
172.401;0,546527778;0,622222222;miring
172.468;0,546527778;0,621527778;miring
172.81;0,545833333;0,621527778;miring
173.03.00;0,545833333;0,620138889;miring
174.334;0,546527778;0,61875;miring
174.91;0,549305556;0,621527778;miring
174.642;0,566666667;0,630555556;miring
174.493;0,577777778;0,636111111;miring
174.31.00;0,582638889;0,636805556;miring
174.195;0,586111111;0,6375;miring
173.665;0,585416667;0,6375;miring
172.758;0,584722222;0,636805556;miring
172.28.00;0,584722222;0,638194444;miring
171.996;0,584027778;0.092;miring
171.885;0,584027778;0,639583333;miring
172.179;0,584722222;0,633333333;miring
172.437;0,585416667;0,629861111;miring
172.636;0,586111111;0,627777778;miring
172.765;0,5875;0,626388889;miring
172.47.00;0,586111111;0,624305556;miring
172.493;0,581944444;0,621527778;miring
172.487;0,579861111;0,620138889;miring
172.455;0,578472222;0,620138889;miring
172.443;0,577777778;0,619444444;miring
172.65;0,577083333;0,61875;miring
172.82;0,577777778;0,619444444;miring
172.902;0,577777778;0,620833333;miring
172.967;0,577777778;0,621527778;miring
172.968;0,578472222;0,622222222;miring
172.947;0,58125;0,625694444;miring
172.977;0,58125;0,625694444;miring
172.959;0,582638889;0,626388889;miring
172.975;0,584027778;0,627083333;miring
172.985;0,584722222;0,627777778;miring
173.017;0,579861111;0,61875;miring
172.639;0,578472222;0.089;miring
172.52.00;0,579166667;0,619444444;miring
172.57.00;0,577777778;0,61875;miring
172.561;0,572222222;0,610416667;miring
172.13.00;0,56875;0,603472222;miring
172.283;0,56875;0,602777778;miring
172.429;0.082;0,602083333;miring
172.553;0,570138889;0,601388889;miring
172.617;0.082;0,600694444;miring
172.606;0,570138889;0,595833333;miring
172.611;0,572222222;0,595138889;miring
172.615;0,573611111;0,594444444;miring
172.616;0,575;0,59375;miring
172.444;0,574305556;0,594444444;miring
172.497;0,564583333;0,589583333;miring
172.529;0,553472222;0,584027778;miring
172.607;0.079;0,582638889;miring
172.717;0,547916667;0,582638889;miring
173.078;0,547222222;0,582638889;miring
173.341;0,547916667;0,582638889;miring
173.607;0.079;0.084;miring
173.765;0,55;0,584027778;miring
174.394;0,55;0,579166667;miring
174.79;0,557638889;0,580555556;miring
175.169;0,563194444;0.084;miring
175.372;0,56875;0,585416667;miring
175.488;0,572916667;0,589583333;miring
175.143;0,58125;0,603472222;miring
175.024;0,589583333;0,6125;miring
174.933;0,59375;0,614583333;miring
174.925;0,593055556;0,6125;miring
174.446;0.086;0,616666667;miring
174.423;0,597916667;0.089;miring
174.391;0,597916667;0,61875;miring
174.382;0,598611111;0,620138889;miring
174.353;0,599305556;0,620833333;miring
174.381;0.087;0,624305556;miring
174.375;0,604861111;0,624305556;miring
174.373;0,605555556;0,624305556;miring
171.421;0,65;0,647916667;miring
171.699;0.077;0,579861111;miring
171.925;0,534027778;0,58125;miring
172.012;0,534027778;0,582638889;miring
172.147;0,532638889;0,580555556;miring
172.232;0,53125;0,577777778;miring
172.241;0,529166667;0,575694444;miring
172.214;0,53125;0.083;miring
172.198;0,533333333;0,58125;miring
172.165;0,536111111;0,584722222;miring
172.131;0,538194444;0,5875;miring
172.057;0,539583333;0,589583333;miring
171.926;0,534027778;0,588194444;miring
171.602;0,53125;0,588194444;miring
171.488;0,529861111;0,588194444;miring
171.451;0,528472222;0,5875;miring
171.424;0,527083333;0,5875;miring
170.98;0.076;0,586111111;miring
170.871;0,528472222;0,585416667;miring
170.76;0,529861111;0,584722222;miring
170.702;0,529861111;0,584722222;miring
170.66;0,53125;0,584722222;miring
170.797;0,530555556;0,586805556;miring
170.926;0,530555556;0,588888889;miring
171.003;0,530555556;0,588194444;miring
171.068;0,53125;0,589583333;miring
170.913;0,53125;0,586111111;miring
171.204;0,53125;0,586111111;miring
171.38.00;0,530555556;0,586805556;miring
171.561;0,525694444;0,585416667;miring
171.72;0,521527778;0,584027778;miring
171.655;0,523611111;0,585416667;miring
171.491;0,522916667;0,581944444;miring
171.287;0,521527778;0,579166667;miring
171.174;0,51875;0,573611111;miring
170.685;0,516666667;0,554166667;miring
170.246;0,515277778;0,556944444;miring
169.954;0.074;0,559027778;miring
169.741;0,511805556;0,559722222;miring
169.588;0,510416667;0.081;miring
169.06.00;0,50625;0,561805556;miring
169.645;0,503472222;0,561111111;miring
169.684;0.072;0,559722222;miring
169.713;0,498611111;0,559722222;miring
171.397;0,492361111;0,556944444;miring
171.002;0,488194444;0,552777778;miring
170.898;0,484722222;0,552083333;miring
170.799;0,483333333;0,551388889;miring
170.735;0,481944444;0,551388889;miring
170.562;0,496527778;0,558333333;miring
170.51.00;0,504861111;0.081;miring
170.452;0,510416667;0,566666667;miring
170.523;0.074;0,568055556;miring
170.759;0,511111111;0,561805556;miring
171.784;0,504861111;0,561111111;miring
172.379;0,502083333;0,560416667;miring
172.806;0,500694444;0,560416667;miring
173.016;0,499305556;0,560416667;miring
172.926;0,499305556;0,561111111;miring
172.811;0,498611111;0,561805556;miring
172.73;0,498611111;0.081;miring
172.684;0,497916667;0.081;miring
172.582;0,499305556;0,566666667;miring
172.721;0,499305556;0,563888889;miring
172.823;0,499305556;0.081;miring
172.09.00;0,499305556;0,561111111;miring
172.96;0,499305556;0,560416667;miring
172.933;0,497222222;0,567361111;miring
172.941;0,494444444;0,571527778;miring
172.986;0.071;0,575;miring
173.032;0,490277778;0,578472222;miring
173.43.00;0,489583333;0,580555556;miring
173.545;0,491666667;0,581944444;miring
173.608;0.071;0,582638889;miring
173.646;0,494444444;0,584027778;miring
173.728;0,49375;0.084;miring
173.834;0,494444444;0,584027778;miring
173.928;0,494444444;0,584027778;miring
173.954;0,494444444;0,584722222;miring
173.698;0,495833333;0,571527778;miring
172.157;0,502777778;0,572916667;miring
171.663;0,509027778;0,575;miring
171.387;0,514583333;0,577777778;miring
171.238;0,522222222;0,580555556;miring
171.808;0,509722222;0,568055556;miring
172.316;0,509027778;0,568055556;miring
172.654;0,509722222;0,575;miring
172.836;0,509027778;0,579166667;miring
173.046;0,507638889;0,580555556;miring
173.02.00;0,511805556;0,579861111;miring
172.864;0,518055556;0,58125;miring
172.77;0,521527778;0,582638889;miring
172.692;0,524305556;0,584722222;miring
177.638;0,832638889;0,734027778;miring
179.465;0,08125;0,70625;miring
178.463;0,806944444;0,707638889;miring
179.135;0,803472222;0,716666667;miring
179.204;0,79375;0,705555556;miring
177.774;0,7875;0,702083333;miring
177.376;0,782638889;0,70625;miring
178.285;0,770138889;0,709722222;miring
175.166;0,074305556;0,677777778;miring
174.197;0,735416667;0,696527778;miring
174.865;0,727083333;0,681944444;miring
175.673;0,073611111;0,684722222;miring
175.239;0,732638889;0,678472222;miring
178.42.00;0,734027778;0,677083333;miring
174.771;0,735416667;0,684722222;miring
174.924;0,727777778;0,676388889;miring
174.648;0,709027778;0,676388889;miring
173.338;0,706944444;0,683333333;miring
172.581;0,699305556;0,683333333;miring
173.931;0,704166667;0,682638889;miring
175.004;0,707638889;0,685416667;miring
174.797;0,711805556;0,690972222;miring
158.011;0.0028;1,192361111;dekat
157.281;0.0028;1,190972222;dekat
157.03.00;0.0026;1,188888889;dekat
157.001;0.0027;1,186111111;dekat
156.972;0.0028;1,184722222;dekat
156.882;0.0035;1,183333333;dekat
156.757;0.0045;1,181944444;dekat
156.92;0.0041;1,181944444;dekat
156.813;0.0037;1,18125;dekat
156.731;0.0035;1,18125;dekat
156.687;0.0034;1,18125;dekat
156.548;0.002;1,176388889;dekat
156.024;0.0017;1,177777778;dekat
155.682;0.0015;1,177777778;dekat
155.459;0.0012;1,178472222;dekat
155.305;0.0009;1,178472222;dekat
155.46.00;0.0001;1,179166667;dekat
155.695;0.0002;1,177777778;dekat
155.846;0.0003;1,177083333;dekat
155.933;0.0004;1,175694444;dekat
155.979;0.0005;1,175694444;dekat
155.769;0.0006;1,176388889;dekat
155.677;0.0006;1,175;dekat
155.665;0.0006;0,117361111;dekat
155.626;0.0006;0,117361111;dekat
155.678;0.0006;1,171527778;dekat
155.563;0.0014;1,170833333;dekat
154.94;0.0011;1,170833333;dekat
154.33.00;0.0008;1,171527778;dekat
154.024;0.0006;1,172222222;dekat
153.718;0.0003;1,172916667;dekat
153.857;00.00;1,174305556;dekat
153.829;0.0002;1,175;dekat
153.776;0.0003;1,175694444;dekat
153.758;0.0003;1,176388889;dekat
153.735;0.0004;1,176388889;dekat
154.557;0.0001;1,175;dekat
155.019;0.0001;1,174305556;dekat
155.099;0.0001;1,174305556;dekat
154.977;0.0001;0,117361111;dekat
154.825;0.0004;0,117361111;dekat
154.954;0.0003;1,175;dekat
155.222;0.0006;1,179861111;dekat
155.364;0.0014;1,181944444;dekat
155.44.00;0.0022;1,183333333;dekat
155.602;0.0029;1,184027778;dekat
155.63;0.0029;1,182638889;dekat
155.468;0.0029;1,182638889;dekat
155.258;0.0026;1,181944444;dekat
155.099;0.0023;1,18125;dekat
155.002;0.0021;1,179861111;dekat
154.677;0.0015;1,181944444;dekat
154.712;0.0001;1,181944444;dekat
154.741;0.0011;1,181944444;dekat
154.774;0.0017;1,181944444;dekat
154.808;0.0022;1,182638889;dekat
155.049;0.0019;1,182638889;dekat
155.067;0.0019;1,182638889;dekat
155.084;0.002;1,182638889;dekat
155.105;0.0021;1,181944444;dekat
155.116;0.0022;1,181944444;dekat
155.231;0.0027;1,184722222;dekat
155.296;0.0025;1,182638889;dekat
155.287;0.0024;1,182638889;dekat
155.305;0.0024;1,182638889;dekat
155.269;0.0024;1,182638889;dekat
154.778;0.003;0,11875;dekat
153.271;0.0046;1,190972222;dekat
152.827;0.0058;1,193055556;dekat
152.831;0.0064;1,193055556;dekat
152.925;0.0066;1,192361111;dekat
153.262;0.0067;1,197222222;dekat
153.51.00;0.007;1,196527778;dekat
153.675;0.0073;1,196527778;dekat
153.726;0.0074;1,195833333;dekat
153.761;0.0076;1,195833333;dekat
153.889;0.0077;1,195138889;dekat
154.956;0.0076;0,11875;dekat
155.481;0.0076;1,181944444;dekat
155.754;0.0076;1,177777778;dekat
155.922;0.0076;1,175694444;dekat
155.922;0.0072;1,178472222;dekat
155.903;0.0077;1,190277778;dekat
155.933;0.0081;1,195833333;dekat
155.965;0.0084;1,2;dekat
155.081;0.009;0,120138889;dekat
154.641;0.0093;0,120138889;dekat
154.681;00.01;1,196527778;dekat
154.729;0,075694444;1,190972222;dekat
154.86;0,08125;1,19375;dekat
155.021;0,080555556;1,19375;dekat
154.83;0,079166667;0,119444444;dekat
154.792;0,077777778;1,19375;dekat
154.779;0,075694444;1,19375;dekat
154.786;0,073611111;1,19375;dekat
154.894;0,074305556;1,195138889;dekat
154.916;0,074305556;0,119444444;dekat
154.944;0,074305556;0,119444444;dekat
154.963;0,075;1,19375;dekat
154.976;0,075694444;1,192361111;dekat
155.082;0,075694444;1,191666667;dekat
155.453;0,082638889;1,195138889;dekat
156.26.00;0,088888889;1,197916667;dekat
156.972;0.013;1,199305556;dekat
157.329;0.013;0,120138889;dekat
155.831;0,091666667;1,200694444;dekat
156.463;0,090972222;1,202777778;dekat
157.125;0.013;1,204166667;dekat
157.37.00;0.013;1,20625;dekat
157.538;0,089583333;0,120833333;dekat
157.444;0,088888889;0,120833333;dekat
157.297;0,088888889;0,120833333;dekat
157.189;0,088888889;1,209027778;dekat
157.122;0,088888889;1,209027778;dekat
157.043;0,088888889;1,209722222;dekat
157.231;0,082638889;1,207638889;dekat
157.153;0,081944444;1,20625;dekat
157.064;0,081944444;1,204861111;dekat
156.998;0,08125;1,204166667;dekat
156.938;0,080555556;1,203472222;dekat
156.532;0,080555556;1,2;dekat
156.511;0,08125;1,204166667;dekat
156.351;0,081944444;1,203472222;dekat
156.248;0.012;1,203472222;dekat
156.262;0,084722222;1,200694444;dekat
156.54.00;0,094444444;1,2;dekat
156.224;0,09375;1,200694444;dekat
156.037;0,09375;1,200694444;dekat
155.935;0,09375;1,200694444;dekat
155.883;0,09375;0,120138889;dekat
156.077;0,093055556;1,200694444;dekat
156.276;0,091666667;1,2;dekat
156.376;0.013;1,2;dekat
156.436;0.013;1,199305556;dekat
156.454;0,089583333;1,198611111;dekat
155.748;0,09375;1,199305556;dekat
155.742;0,098611111;1,2;dekat
161.664;0.012;0,122222222;dekat
170.536;00.03;1,393055556;dekat
170.472;0,177777778;00.02;dekat
170.517;0,161805556;1,386111111;dekat
170.967;0.026;1,384027778;dekat
171.221;0,156944444;1,386805556;dekat
171.414;0,147222222;1,3875;dekat
170.779;0,1375;1,383333333;dekat
162.674;0,149305556;1,3625;dekat
158.986;0,146527778;0,136111111;dekat
157.893;0,1375;1,357638889;dekat
158.357;0,128472222;1,352777778;dekat
162.028;0,124305556;1,352083333;dekat
167.859;0.019;1,359027778;dekat
161.232;0.019;1,359722222;dekat
159.421;0,13125;1,361805556;dekat
158.697;0,130555556;1,3625;dekat
158.645;0,130555556;1,363888889;dekat
158.555;0,130555556;1,357638889;dekat
157.339;0,15625;1,35;dekat
157.174;0,178472222;1,339583333;dekat
157.028;0,195833333;0,133333333;dekat
156.976;0,200694444;1,33125;dekat
156.88;0,151388889;1,34375;dekat
160.964;0,134027778;1,378472222;dekat
158.441;0,13125;1,383333333;dekat
157.203;0,129166667;00.02;dekat
164.515;0,084722222;1,404166667;dekat
162.753;0,094444444;1,408333333;dekat
160.784;0,101388889;1,396527778;dekat
158.968;0,102083333;1,389583333;dekat
157.982;0,102083333;1,386111111;dekat
158.319;0,140277778;1,383333333;dekat
164.053;0,161805556;1,379166667;dekat
166.09.00;0,175694444;0,1375;dekat
165.379;0,19375;1,365972222;dekat
165.05.00;0,211111111;1,35625;dekat
157.837;0.0099;1,178472222;dekat
157.658;0,135416667;1,192361111;dekat
158.734;0,128472222;1,2;dekat
157.487;0,120833333;1,202083333;dekat
158.078;0.002;1,231944444;dekat
158.293;0.0022;1,233333333;dekat
156.575;0.0046;1,227777778;dekat
157.281;0.0036;1,224305556;dekat
157.549;0.0031;1,219444444;dekat
157.884;0.0023;1,215972222;dekat
158.046;0.0017;1,214583333;dekat
155.843;0.0028;1,213888889;dekat
155.978;0.0034;1,213194444;dekat
156.059;0.004;1,2125;dekat
156.127;0.0041;1,211111111;dekat
156.439;0.0044;1,211805556;dekat
156.235;0.0043;0,120833333;dekat
156.272;0.0046;1,205555556;dekat
156.295;0.005;1,202083333;dekat
156.317;0.0048;1,199305556;dekat
156.655;0.0025;1,200694444;dekat
157.252;0.0016;1,203472222;dekat
159.418;0.0033;1,258333333;dekat
161.913;00.00;1,29375;dekat
162.753;0.0052;1,264583333;dekat
163.383;0.0033;1,274305556;dekat
163.324;0,106944444;1,218055556;dekat
163.131;0,122222222;1,230555556;dekat
